ID,Year,LocationAbbr,LocationDesc,Class,Topic,Indicator,Response,DataSource,Data_Value_Unit,Data_Value_Type,Data_Value,Data_Value_Footnote_Symbol,Data_Value_Footnote,Low_Confidence_Limit,High_Confidence_Limit,Sample_Size,Stratification,StratificationType,IndicatorId,LocationOrder,ParentStateDisplayOrder,FootnoteType,FootNoteSymbol,FootnoteText,URL,DatasourceAbbr,Agency
3648964,2019,US,"All States, DC and Territories (median) **",Chronic Health Indicators,Diabetes,Have you ever been told by a doctor that you have diabetes?,Yes,BRFSS,%,Crude Prevalence,10.8,,,,,52,Overall,Overall,DIABETE4,1,1,,,,,,
3648965,2019,US,"All States, DC and Territories (median) **",Chronic Health Indicators,Diabetes,Have you ever been told by a doctor that you have diabetes?,"Yes, pregnancy-related",BRFSS,%,Crude Prevalence,1,,,,,52,Overall,Overall,DIABETE4,1,1,,,,,,
3648966,2019,US,"All States, DC and Territories (median) **",Chronic Health Indicators,Diabetes,Have you ever been told by a doctor that you have diabetes?,"No, pre-diabetes or borderline diabetes",BRFSS,%,Crude Prevalence,1.9,,,,,52,Overall,Overall,DIABETE4,1,1,,,,,,
3648967,2019,US,"All States, DC and Territories (median) **",Chronic Health Indicators,Diabetes,Have you ever been told by a doctor that you have diabetes?,No,BRFSS,%,Crude Prevalence,86,,,,,52,Overall,Overall,DIABETE4,1,1,,,,,,
3648793,2019,UW,All States and DC (median) **,Chronic Health Indicators,Diabetes,Have you ever been told by a doctor that you have diabetes?,Yes,BRFSS,%,Crude Prevalence,10.7,,,,,50,Overall,Overall,DIABETE4,2,2,,,,,,
3648794,2019,UW,All States and DC (median) **,Chronic Health Indicators,Diabetes,Have you ever been told by a doctor that you have diabetes?,"Yes, pregnancy-related",BRFSS,%,Crude Prevalence,1,,,,,50,Overall,Overall,DIABETE4,2,2,,,,,,
3648795,2019,UW,All States and DC (median) **,Chronic Health Indicators,Diabetes,Have you ever been told by a doctor that you have diabetes?,"No, pre-diabetes or borderline diabetes",BRFSS,%,Crude Prevalence,1.9,,,,,50,Overall,Overall,DIABETE4,2,2,,,,,,
3648796,2019,UW,All States and DC (median) **,Chronic Health Indicators,Diabetes,Have you ever been told by a doctor that you have diabetes?,No,BRFSS,%,Crude Prevalence,86,,,,,50,Overall,Overall,DIABETE4,2,2,,,,,,
3426958,2019,AL,Alabama,Chronic Health Indicators,Diabetes,Have you ever been told by a doctor that you have diabetes?,Yes,BRFSS,%,Crude Prevalence,14,,,13,14.9,1286,Overall,Overall,DIABETE4,3,3,,,,,,
3426984,2019,AL,Alabama,Chronic Health Indicators,Diabetes,Have you ever been told by a doctor that you have diabetes?,"Yes, pregnancy-related",BRFSS,%,Crude Prevalence,1,,,0.7,1.3,50,Overall,Overall,DIABETE4,3,3,,,,,,
3427010,2019,AL,Alabama,Chronic Health Indicators,Diabetes,Have you ever been told by a doctor that you have diabetes?,"No, pre-diabetes or borderline diabetes",BRFSS,%,Crude Prevalence,1.2,,,0.9,1.5,97,Overall,Overall,DIABETE4,3,3,,,,,,
3427036,2019,AL,Alabama,Chronic Health Indicators,Diabetes,Have you ever been told by a doctor that you have diabetes?,No,BRFSS,%,Crude Prevalence,83.9,,,82.9,84.9,5606,Overall,Overall,DIABETE4,3,3,,,,,,
3431241,2019,AK,Alaska,Chronic Health Indicators,Diabetes,Have you ever been told by a doctor that you have diabetes?,Yes,BRFSS,%,Crude Prevalence,7.3,,,6.1,8.5,300,Overall,Overall,DIABETE4,4,4,,,,,,
3431267,2019,AK,Alaska,Chronic Health Indicators,Diabetes,Have you ever been told by a doctor that you have diabetes?,"Yes, pregnancy-related",BRFSS,%,Crude Prevalence,*,*,Prevalence estimate not available if the unweighted sample size for the denominator was < 50 or the Relative Standard Error (RSE) is > 0.3 or if the state did not collect data for that calendar year.,,,32,Overall,Overall,DIABETE4,4,4,,,,,,
3431293,2019,AK,Alaska,Chronic Health Indicators,Diabetes,Have you ever been told by a doctor that you have diabetes?,"No, pre-diabetes or borderline diabetes",BRFSS,%,Crude Prevalence,2.1,,,1,3.3,45,Overall,Overall,DIABETE4,4,4,,,,,,
3431319,2019,AK,Alaska,Chronic Health Indicators,Diabetes,Have you ever been told by a doctor that you have diabetes?,No,BRFSS,%,Crude Prevalence,89.2,,,87.5,91,2595,Overall,Overall,DIABETE4,4,4,,,,,,
3435524,2019,AZ,Arizona,Chronic Health Indicators,Diabetes,Have you ever been told by a doctor that you have diabetes?,Yes,BRFSS,%,Crude Prevalence,10.9,,,9.9,12,1263,Overall,Overall,DIABETE4,5,5,,,,,,
3435550,2019,AZ,Arizona,Chronic Health Indicators,Diabetes,Have you ever been told by a doctor that you have diabetes?,"Yes, pregnancy-related",BRFSS,%,Crude Prevalence,1,,,0.7,1.4,80,Overall,Overall,DIABETE4,5,5,,,,,,
3435576,2019,AZ,Arizona,Chronic Health Indicators,Diabetes,Have you ever been told by a doctor that you have diabetes?,"No, pre-diabetes or borderline diabetes",BRFSS,%,Crude Prevalence,2.3,,,1.7,2.8,194,Overall,Overall,DIABETE4,5,5,,,,,,
3435602,2019,AZ,Arizona,Chronic Health Indicators,Diabetes,Have you ever been told by a doctor that you have diabetes?,No,BRFSS,%,Crude Prevalence,85.8,,,84.6,87,7388,Overall,Overall,DIABETE4,5,5,,,,,,
3439807,2019,AR,Arkansas,Chronic Health Indicators,Diabetes,Have you ever been told by a doctor that you have diabetes?,Yes,BRFSS,%,Crude Prevalence,13.6,,,12.5,14.8,1004,Overall,Overall,DIABETE4,6,6,,,,,,
3439833,2019,AR,Arkansas,Chronic Health Indicators,Diabetes,Have you ever been told by a doctor that you have diabetes?,"Yes, pregnancy-related",BRFSS,%,Crude Prevalence,1.3,,,0.7,1.8,42,Overall,Overall,DIABETE4,6,6,,,,,,
3439859,2019,AR,Arkansas,Chronic Health Indicators,Diabetes,Have you ever been told by a doctor that you have diabetes?,"No, pre-diabetes or borderline diabetes",BRFSS,%,Crude Prevalence,1.9,,,1.4,2.4,95,Overall,Overall,DIABETE4,6,6,,,,,,
3439885,2019,AR,Arkansas,Chronic Health Indicators,Diabetes,Have you ever been told by a doctor that you have diabetes?,No,BRFSS,%,Crude Prevalence,83.2,,,81.9,84.6,4204,Overall,Overall,DIABETE4,6,6,,,,,,
3444090,2019,CA,California,Chronic Health Indicators,Diabetes,Have you ever been told by a doctor that you have diabetes?,Yes,BRFSS,%,Crude Prevalence,10.1,,,9.4,10.8,1303,Overall,Overall,DIABETE4,7,7,,,,,,
3444116,2019,CA,California,Chronic Health Indicators,Diabetes,Have you ever been told by a doctor that you have diabetes?,"Yes, pregnancy-related",BRFSS,%,Crude Prevalence,1.4,,,1.1,1.7,132,Overall,Overall,DIABETE4,7,7,,,,,,
3444142,2019,CA,California,Chronic Health Indicators,Diabetes,Have you ever been told by a doctor that you have diabetes?,"No, pre-diabetes or borderline diabetes",BRFSS,%,Crude Prevalence,3.7,,,3.3,4.2,445,Overall,Overall,DIABETE4,7,7,,,,,,
3444168,2019,CA,California,Chronic Health Indicators,Diabetes,Have you ever been told by a doctor that you have diabetes?,No,BRFSS,%,Crude Prevalence,84.8,,,83.9,85.6,9714,Overall,Overall,DIABETE4,7,7,,,,,,
3448373,2019,CO,Colorado,Chronic Health Indicators,Diabetes,Have you ever been told by a doctor that you have diabetes?,Yes,BRFSS,%,Crude Prevalence,7,,,6.4,7.6,834,Overall,Overall,DIABETE4,8,8,,,,,,
3448399,2019,CO,Colorado,Chronic Health Indicators,Diabetes,Have you ever been told by a doctor that you have diabetes?,"Yes, pregnancy-related",BRFSS,%,Crude Prevalence,0.8,,,0.6,1.1,68,Overall,Overall,DIABETE4,8,8,,,,,,
3448425,2019,CO,Colorado,Chronic Health Indicators,Diabetes,Have you ever been told by a doctor that you have diabetes?,"No, pre-diabetes or borderline diabetes",BRFSS,%,Crude Prevalence,2.1,,,1.7,2.4,236,Overall,Overall,DIABETE4,8,8,,,,,,
3448451,2019,CO,Colorado,Chronic Health Indicators,Diabetes,Have you ever been told by a doctor that you have diabetes?,No,BRFSS,%,Crude Prevalence,90.1,,,89.4,90.8,8159,Overall,Overall,DIABETE4,8,8,,,,,,
3452656,2019,CT,Connecticut,Chronic Health Indicators,Diabetes,Have you ever been told by a doctor that you have diabetes?,Yes,BRFSS,%,Crude Prevalence,9.6,,,8.8,10.3,1068,Overall,Overall,DIABETE4,9,9,,,,,,
3452682,2019,CT,Connecticut,Chronic Health Indicators,Diabetes,Have you ever been told by a doctor that you have diabetes?,"Yes, pregnancy-related",BRFSS,%,Crude Prevalence,1.2,,,0.9,1.6,93,Overall,Overall,DIABETE4,9,9,,,,,,
3452708,2019,CT,Connecticut,Chronic Health Indicators,Diabetes,Have you ever been told by a doctor that you have diabetes?,"No, pre-diabetes or borderline diabetes",BRFSS,%,Crude Prevalence,1.9,,,1.5,2.3,172,Overall,Overall,DIABETE4,9,9,,,,,,
3452734,2019,CT,Connecticut,Chronic Health Indicators,Diabetes,Have you ever been told by a doctor that you have diabetes?,No,BRFSS,%,Crude Prevalence,87.4,,,86.5,88.2,7812,Overall,Overall,DIABETE4,9,9,,,,,,
3456939,2019,DE,Delaware,Chronic Health Indicators,Diabetes,Have you ever been told by a doctor that you have diabetes?,Yes,BRFSS,%,Crude Prevalence,12.8,,,11.4,14.2,562,Overall,Overall,DIABETE4,10,10,,,,,,
3456965,2019,DE,Delaware,Chronic Health Indicators,Diabetes,Have you ever been told by a doctor that you have diabetes?,"Yes, pregnancy-related",BRFSS,%,Crude Prevalence,1.2,,,0.7,1.7,37,Overall,Overall,DIABETE4,10,10,,,,,,
3456991,2019,DE,Delaware,Chronic Health Indicators,Diabetes,Have you ever been told by a doctor that you have diabetes?,"No, pre-diabetes or borderline diabetes",BRFSS,%,Crude Prevalence,1.9,,,1.3,2.4,90,Overall,Overall,DIABETE4,10,10,,,,,,
3457017,2019,DE,Delaware,Chronic Health Indicators,Diabetes,Have you ever been told by a doctor that you have diabetes?,No,BRFSS,%,Crude Prevalence,84.2,,,82.7,85.7,3200,Overall,Overall,DIABETE4,10,10,,,,,,
3461222,2019,DC,District of Columbia,Chronic Health Indicators,Diabetes,Have you ever been told by a doctor that you have diabetes?,Yes,BRFSS,%,Crude Prevalence,8.7,,,7.5,9.8,341,Overall,Overall,DIABETE4,11,11,,,,,,
3461248,2019,DC,District of Columbia,Chronic Health Indicators,Diabetes,Have you ever been told by a doctor that you have diabetes?,"Yes, pregnancy-related",BRFSS,%,Crude Prevalence,0.4,,,0.2,0.7,17,Overall,Overall,DIABETE4,11,11,,,,,,
3461274,2019,DC,District of Columbia,Chronic Health Indicators,Diabetes,Have you ever been told by a doctor that you have diabetes?,"No, pre-diabetes or borderline diabetes",BRFSS,%,Crude Prevalence,1.5,,,0.9,2,54,Overall,Overall,DIABETE4,11,11,,,,,,
3461300,2019,DC,District of Columbia,Chronic Health Indicators,Diabetes,Have you ever been told by a doctor that you have diabetes?,No,BRFSS,%,Crude Prevalence,89.4,,,88.2,90.7,2201,Overall,Overall,DIABETE4,11,11,,,,,,
3465505,2019,FL,Florida,Chronic Health Indicators,Diabetes,Have you ever been told by a doctor that you have diabetes?,Yes,BRFSS,%,Crude Prevalence,11.7,,,10.8,12.6,2680,Overall,Overall,DIABETE4,12,12,,,,,,
3465531,2019,FL,Florida,Chronic Health Indicators,Diabetes,Have you ever been told by a doctor that you have diabetes?,"Yes, pregnancy-related",BRFSS,%,Crude Prevalence,0.7,,,0.5,0.9,113,Overall,Overall,DIABETE4,12,12,,,,,,
3465557,2019,FL,Florida,Chronic Health Indicators,Diabetes,Have you ever been told by a doctor that you have diabetes?,"No, pre-diabetes or borderline diabetes",BRFSS,%,Crude Prevalence,2,,,1.5,2.5,366,Overall,Overall,DIABETE4,12,12,,,,,,
3465583,2019,FL,Florida,Chronic Health Indicators,Diabetes,Have you ever been told by a doctor that you have diabetes?,No,BRFSS,%,Crude Prevalence,85.6,,,84.6,86.7,13748,Overall,Overall,DIABETE4,12,12,,,,,,
3469788,2019,GA,Georgia,Chronic Health Indicators,Diabetes,Have you ever been told by a doctor that you have diabetes?,Yes,BRFSS,%,Crude Prevalence,12,,,11,13,1218,Overall,Overall,DIABETE4,13,13,,,,,,
3469814,2019,GA,Georgia,Chronic Health Indicators,Diabetes,Have you ever been told by a doctor that you have diabetes?,"Yes, pregnancy-related",BRFSS,%,Crude Prevalence,0.9,,,0.6,1.2,64,Overall,Overall,DIABETE4,13,13,,,,,,
3469840,2019,GA,Georgia,Chronic Health Indicators,Diabetes,Have you ever been told by a doctor that you have diabetes?,"No, pre-diabetes or borderline diabetes",BRFSS,%,Crude Prevalence,1.6,,,1.2,2.1,127,Overall,Overall,DIABETE4,13,13,,,,,,
3469866,2019,GA,Georgia,Chronic Health Indicators,Diabetes,Have you ever been told by a doctor that you have diabetes?,No,BRFSS,%,Crude Prevalence,85.5,,,84.4,86.7,5927,Overall,Overall,DIABETE4,13,13,,,,,,
3474071,2019,HI,Hawaii,Chronic Health Indicators,Diabetes,Have you ever been told by a doctor that you have diabetes?,Yes,BRFSS,%,Crude Prevalence,10.5,,,9.6,11.3,925,Overall,Overall,DIABETE4,14,14,,,,,,
3474097,2019,HI,Hawaii,Chronic Health Indicators,Diabetes,Have you ever been told by a doctor that you have diabetes?,"Yes, pregnancy-related",BRFSS,%,Crude Prevalence,1.4,,,1,1.8,89,Overall,Overall,DIABETE4,14,14,,,,,,
3474123,2019,HI,Hawaii,Chronic Health Indicators,Diabetes,Have you ever been told by a doctor that you have diabetes?,"No, pre-diabetes or borderline diabetes",BRFSS,%,Crude Prevalence,3.2,,,2.6,3.7,266,Overall,Overall,DIABETE4,14,14,,,,,,
3474149,2019,HI,Hawaii,Chronic Health Indicators,Diabetes,Have you ever been told by a doctor that you have diabetes?,No,BRFSS,%,Crude Prevalence,85,,,83.9,86,6386,Overall,Overall,DIABETE4,14,14,,,,,,
3478354,2019,ID,Idaho,Chronic Health Indicators,Diabetes,Have you ever been told by a doctor that you have diabetes?,Yes,BRFSS,%,Crude Prevalence,10.3,,,9.2,11.4,706,Overall,Overall,DIABETE4,15,15,,,,,,
3478380,2019,ID,Idaho,Chronic Health Indicators,Diabetes,Have you ever been told by a doctor that you have diabetes?,"Yes, pregnancy-related",BRFSS,%,Crude Prevalence,1.8,,,1.1,2.4,73,Overall,Overall,DIABETE4,15,15,,,,,,
3478406,2019,ID,Idaho,Chronic Health Indicators,Diabetes,Have you ever been told by a doctor that you have diabetes?,"No, pre-diabetes or borderline diabetes",BRFSS,%,Crude Prevalence,1.2,,,0.8,1.6,78,Overall,Overall,DIABETE4,15,15,,,,,,
3478432,2019,ID,Idaho,Chronic Health Indicators,Diabetes,Have you ever been told by a doctor that you have diabetes?,No,BRFSS,%,Crude Prevalence,86.8,,,85.5,88.1,4606,Overall,Overall,DIABETE4,15,15,,,,,,
3482637,2019,IL,Illinois,Chronic Health Indicators,Diabetes,Have you ever been told by a doctor that you have diabetes?,Yes,BRFSS,%,Crude Prevalence,11.3,,,10.3,12.2,692,Overall,Overall,DIABETE4,16,16,,,,,,
3482663,2019,IL,Illinois,Chronic Health Indicators,Diabetes,Have you ever been told by a doctor that you have diabetes?,"Yes, pregnancy-related",BRFSS,%,Crude Prevalence,0.9,,,0.5,1.2,42,Overall,Overall,DIABETE4,16,16,,,,,,
3482689,2019,IL,Illinois,Chronic Health Indicators,Diabetes,Have you ever been told by a doctor that you have diabetes?,"No, pre-diabetes or borderline diabetes",BRFSS,%,Crude Prevalence,1.3,,,1,1.6,89,Overall,Overall,DIABETE4,16,16,,,,,,
3482715,2019,IL,Illinois,Chronic Health Indicators,Diabetes,Have you ever been told by a doctor that you have diabetes?,No,BRFSS,%,Crude Prevalence,86.6,,,85.6,87.6,4688,Overall,Overall,DIABETE4,16,16,,,,,,
3486920,2019,IN,Indiana,Chronic Health Indicators,Diabetes,Have you ever been told by a doctor that you have diabetes?,Yes,BRFSS,%,Crude Prevalence,12.4,,,11.7,13.2,1434,Overall,Overall,DIABETE4,17,17,,,,,,
3486946,2019,IN,Indiana,Chronic Health Indicators,Diabetes,Have you ever been told by a doctor that you have diabetes?,"Yes, pregnancy-related",BRFSS,%,Crude Prevalence,1.2,,,0.9,1.5,81,Overall,Overall,DIABETE4,17,17,,,,,,
3486972,2019,IN,Indiana,Chronic Health Indicators,Diabetes,Have you ever been told by a doctor that you have diabetes?,"No, pre-diabetes or borderline diabetes",BRFSS,%,Crude Prevalence,1.4,,,1.1,1.7,140,Overall,Overall,DIABETE4,17,17,,,,,,
3486998,2019,IN,Indiana,Chronic Health Indicators,Diabetes,Have you ever been told by a doctor that you have diabetes?,No,BRFSS,%,Crude Prevalence,85,,,84.2,85.9,7214,Overall,Overall,DIABETE4,17,17,,,,,,
3491203,2019,IA,Iowa,Chronic Health Indicators,Diabetes,Have you ever been told by a doctor that you have diabetes?,Yes,BRFSS,%,Crude Prevalence,10.3,,,9.6,10.9,1227,Overall,Overall,DIABETE4,18,18,,,,,,
3491229,2019,IA,Iowa,Chronic Health Indicators,Diabetes,Have you ever been told by a doctor that you have diabetes?,"Yes, pregnancy-related",BRFSS,%,Crude Prevalence,0.8,,,0.6,1,72,Overall,Overall,DIABETE4,18,18,,,,,,
3491255,2019,IA,Iowa,Chronic Health Indicators,Diabetes,Have you ever been told by a doctor that you have diabetes?,"No, pre-diabetes or borderline diabetes",BRFSS,%,Crude Prevalence,1.4,,,1.1,1.6,156,Overall,Overall,DIABETE4,18,18,,,,,,
3491281,2019,IA,Iowa,Chronic Health Indicators,Diabetes,Have you ever been told by a doctor that you have diabetes?,No,BRFSS,%,Crude Prevalence,87.6,,,86.8,88.3,8328,Overall,Overall,DIABETE4,18,18,,,,,,
3495486,2019,KS,Kansas,Chronic Health Indicators,Diabetes,Have you ever been told by a doctor that you have diabetes?,Yes,BRFSS,%,Crude Prevalence,10.8,,,10.2,11.5,1510,Overall,Overall,DIABETE4,19,19,,,,,,
3495512,2019,KS,Kansas,Chronic Health Indicators,Diabetes,Have you ever been told by a doctor that you have diabetes?,"Yes, pregnancy-related",BRFSS,%,Crude Prevalence,0.9,,,0.7,1.1,97,Overall,Overall,DIABETE4,19,19,,,,,,
3495538,2019,KS,Kansas,Chronic Health Indicators,Diabetes,Have you ever been told by a doctor that you have diabetes?,"No, pre-diabetes or borderline diabetes",BRFSS,%,Crude Prevalence,1.5,,,1.3,1.8,201,Overall,Overall,DIABETE4,19,19,,,,,,
3495564,2019,KS,Kansas,Chronic Health Indicators,Diabetes,Have you ever been told by a doctor that you have diabetes?,No,BRFSS,%,Crude Prevalence,86.8,,,86.1,87.5,9543,Overall,Overall,DIABETE4,19,19,,,,,,
3499769,2019,KY,Kentucky,Chronic Health Indicators,Diabetes,Have you ever been told by a doctor that you have diabetes?,Yes,BRFSS,%,Crude Prevalence,13.3,,,12.3,14.4,1394,Overall,Overall,DIABETE4,20,20,,,,,,
3499795,2019,KY,Kentucky,Chronic Health Indicators,Diabetes,Have you ever been told by a doctor that you have diabetes?,"Yes, pregnancy-related",BRFSS,%,Crude Prevalence,0.8,,,0.6,1.1,72,Overall,Overall,DIABETE4,20,20,,,,,,
3499821,2019,KY,Kentucky,Chronic Health Indicators,Diabetes,Have you ever been told by a doctor that you have diabetes?,"No, pre-diabetes or borderline diabetes",BRFSS,%,Crude Prevalence,1.9,,,1.4,2.3,150,Overall,Overall,DIABETE4,20,20,,,,,,
3499847,2019,KY,Kentucky,Chronic Health Indicators,Diabetes,Have you ever been told by a doctor that you have diabetes?,No,BRFSS,%,Crude Prevalence,84,,,82.8,85.1,6338,Overall,Overall,DIABETE4,20,20,,,,,,
3504052,2019,LA,Louisiana,Chronic Health Indicators,Diabetes,Have you ever been told by a doctor that you have diabetes?,Yes,BRFSS,%,Crude Prevalence,12.6,,,11.5,13.7,715,Overall,Overall,DIABETE4,21,21,,,,,,
3504078,2019,LA,Louisiana,Chronic Health Indicators,Diabetes,Have you ever been told by a doctor that you have diabetes?,"Yes, pregnancy-related",BRFSS,%,Crude Prevalence,1.4,,,1,1.9,54,Overall,Overall,DIABETE4,21,21,,,,,,
3504104,2019,LA,Louisiana,Chronic Health Indicators,Diabetes,Have you ever been told by a doctor that you have diabetes?,"No, pre-diabetes or borderline diabetes",BRFSS,%,Crude Prevalence,1.6,,,1.2,2.1,79,Overall,Overall,DIABETE4,21,21,,,,,,
3504130,2019,LA,Louisiana,Chronic Health Indicators,Diabetes,Have you ever been told by a doctor that you have diabetes?,No,BRFSS,%,Crude Prevalence,84.4,,,83.2,85.6,3862,Overall,Overall,DIABETE4,21,21,,,,,,
3508335,2019,ME,Maine,Chronic Health Indicators,Diabetes,Have you ever been told by a doctor that you have diabetes?,Yes,BRFSS,%,Crude Prevalence,10.6,,,9.8,11.4,1528,Overall,Overall,DIABETE4,22,22,,,,,,
3508361,2019,ME,Maine,Chronic Health Indicators,Diabetes,Have you ever been told by a doctor that you have diabetes?,"Yes, pregnancy-related",BRFSS,%,Crude Prevalence,1.6,,,1.2,2,150,Overall,Overall,DIABETE4,22,22,,,,,,
3508387,2019,ME,Maine,Chronic Health Indicators,Diabetes,Have you ever been told by a doctor that you have diabetes?,"No, pre-diabetes or borderline diabetes",BRFSS,%,Crude Prevalence,2.4,,,2,2.9,326,Overall,Overall,DIABETE4,22,22,,,,,,
3508413,2019,ME,Maine,Chronic Health Indicators,Diabetes,Have you ever been told by a doctor that you have diabetes?,No,BRFSS,%,Crude Prevalence,85.4,,,84.5,86.4,9332,Overall,Overall,DIABETE4,22,22,,,,,,
3512618,2019,MD,Maryland,Chronic Health Indicators,Diabetes,Have you ever been told by a doctor that you have diabetes?,Yes,BRFSS,%,Crude Prevalence,11,,,10.4,11.6,2621,Overall,Overall,DIABETE4,23,23,,,,,,
3512644,2019,MD,Maryland,Chronic Health Indicators,Diabetes,Have you ever been told by a doctor that you have diabetes?,"Yes, pregnancy-related",BRFSS,%,Crude Prevalence,0.9,,,0.7,1.1,121,Overall,Overall,DIABETE4,23,23,,,,,,
3512670,2019,MD,Maryland,Chronic Health Indicators,Diabetes,Have you ever been told by a doctor that you have diabetes?,"No, pre-diabetes or borderline diabetes",BRFSS,%,Crude Prevalence,2.1,,,1.8,2.4,429,Overall,Overall,DIABETE4,23,23,,,,,,
3512696,2019,MD,Maryland,Chronic Health Indicators,Diabetes,Have you ever been told by a doctor that you have diabetes?,No,BRFSS,%,Crude Prevalence,86,,,85.3,86.7,14210,Overall,Overall,DIABETE4,23,23,,,,,,
3516901,2019,MA,Massachusetts,Chronic Health Indicators,Diabetes,Have you ever been told by a doctor that you have diabetes?,Yes,BRFSS,%,Crude Prevalence,8.4,,,7.6,9.2,778,Overall,Overall,DIABETE4,24,24,,,,,,
3516927,2019,MA,Massachusetts,Chronic Health Indicators,Diabetes,Have you ever been told by a doctor that you have diabetes?,"Yes, pregnancy-related",BRFSS,%,Crude Prevalence,1.7,,,1.3,2.1,114,Overall,Overall,DIABETE4,24,24,,,,,,
3516953,2019,MA,Massachusetts,Chronic Health Indicators,Diabetes,Have you ever been told by a doctor that you have diabetes?,"No, pre-diabetes or borderline diabetes",BRFSS,%,Crude Prevalence,1.9,,,1.5,2.3,158,Overall,Overall,DIABETE4,24,24,,,,,,
3516979,2019,MA,Massachusetts,Chronic Health Indicators,Diabetes,Have you ever been told by a doctor that you have diabetes?,No,BRFSS,%,Crude Prevalence,88.1,,,87.1,89,6660,Overall,Overall,DIABETE4,24,24,,,,,,
3521184,2019,MI,Michigan,Chronic Health Indicators,Diabetes,Have you ever been told by a doctor that you have diabetes?,Yes,BRFSS,%,Crude Prevalence,11.1,,,10.4,11.8,1406,Overall,Overall,DIABETE4,25,25,,,,,,
3521210,2019,MI,Michigan,Chronic Health Indicators,Diabetes,Have you ever been told by a doctor that you have diabetes?,"Yes, pregnancy-related",BRFSS,%,Crude Prevalence,1,,,0.7,1.3,76,Overall,Overall,DIABETE4,25,25,,,,,,
3521236,2019,MI,Michigan,Chronic Health Indicators,Diabetes,Have you ever been told by a doctor that you have diabetes?,"No, pre-diabetes or borderline diabetes",BRFSS,%,Crude Prevalence,2,,,1.7,2.4,224,Overall,Overall,DIABETE4,25,25,,,,,,
3521262,2019,MI,Michigan,Chronic Health Indicators,Diabetes,Have you ever been told by a doctor that you have diabetes?,No,BRFSS,%,Crude Prevalence,85.9,,,85.1,86.8,8792,Overall,Overall,DIABETE4,25,25,,,,,,
3525467,2019,MN,Minnesota,Chronic Health Indicators,Diabetes,Have you ever been told by a doctor that you have diabetes?,Yes,BRFSS,%,Crude Prevalence,8.8,,,8.3,9.3,1608,Overall,Overall,DIABETE4,26,26,,,,,,
3525493,2019,MN,Minnesota,Chronic Health Indicators,Diabetes,Have you ever been told by a doctor that you have diabetes?,"Yes, pregnancy-related",BRFSS,%,Crude Prevalence,1.1,,,0.9,1.3,147,Overall,Overall,DIABETE4,26,26,,,,,,
3525519,2019,MN,Minnesota,Chronic Health Indicators,Diabetes,Have you ever been told by a doctor that you have diabetes?,"No, pre-diabetes or borderline diabetes",BRFSS,%,Crude Prevalence,1.8,,,1.5,2,307,Overall,Overall,DIABETE4,26,26,,,,,,
3525545,2019,MN,Minnesota,Chronic Health Indicators,Diabetes,Have you ever been told by a doctor that you have diabetes?,No,BRFSS,%,Crude Prevalence,88.3,,,87.8,88.9,13455,Overall,Overall,DIABETE4,26,26,,,,,,
3529750,2019,MS,Mississippi,Chronic Health Indicators,Diabetes,Have you ever been told by a doctor that you have diabetes?,Yes,BRFSS,%,Crude Prevalence,14.8,,,13.7,15.9,993,Overall,Overall,DIABETE4,27,27,,,,,,
3529776,2019,MS,Mississippi,Chronic Health Indicators,Diabetes,Have you ever been told by a doctor that you have diabetes?,"Yes, pregnancy-related",BRFSS,%,Crude Prevalence,1.1,,,0.7,1.5,47,Overall,Overall,DIABETE4,27,27,,,,,,
3529802,2019,MS,Mississippi,Chronic Health Indicators,Diabetes,Have you ever been told by a doctor that you have diabetes?,"No, pre-diabetes or borderline diabetes",BRFSS,%,Crude Prevalence,1.4,,,1,1.8,86,Overall,Overall,DIABETE4,27,27,,,,,,
3529828,2019,MS,Mississippi,Chronic Health Indicators,Diabetes,Have you ever been told by a doctor that you have diabetes?,No,BRFSS,%,Crude Prevalence,82.7,,,81.5,84,3987,Overall,Overall,DIABETE4,27,27,,,,,,
3534033,2019,MO,Missouri,Chronic Health Indicators,Diabetes,Have you ever been told by a doctor that you have diabetes?,Yes,BRFSS,%,Crude Prevalence,10.3,,,9.5,11.2,1065,Overall,Overall,DIABETE4,28,28,,,,,,
3534059,2019,MO,Missouri,Chronic Health Indicators,Diabetes,Have you ever been told by a doctor that you have diabetes?,"Yes, pregnancy-related",BRFSS,%,Crude Prevalence,0.6,,,0.3,0.8,33,Overall,Overall,DIABETE4,28,28,,,,,,
3534085,2019,MO,Missouri,Chronic Health Indicators,Diabetes,Have you ever been told by a doctor that you have diabetes?,"No, pre-diabetes or borderline diabetes",BRFSS,%,Crude Prevalence,2.4,,,2,2.9,232,Overall,Overall,DIABETE4,28,28,,,,,,
3534111,2019,MO,Missouri,Chronic Health Indicators,Diabetes,Have you ever been told by a doctor that you have diabetes?,No,BRFSS,%,Crude Prevalence,86.7,,,85.7,87.7,5960,Overall,Overall,DIABETE4,28,28,,,,,,
3538316,2019,MT,Montana,Chronic Health Indicators,Diabetes,Have you ever been told by a doctor that you have diabetes?,Yes,BRFSS,%,Crude Prevalence,7.6,,,6.9,8.3,683,Overall,Overall,DIABETE4,29,29,,,,,,
3538342,2019,MT,Montana,Chronic Health Indicators,Diabetes,Have you ever been told by a doctor that you have diabetes?,"Yes, pregnancy-related",BRFSS,%,Crude Prevalence,0.7,,,0.5,1,41,Overall,Overall,DIABETE4,29,29,,,,,,
3538368,2019,MT,Montana,Chronic Health Indicators,Diabetes,Have you ever been told by a doctor that you have diabetes?,"No, pre-diabetes or borderline diabetes",BRFSS,%,Crude Prevalence,1.9,,,1.5,2.3,138,Overall,Overall,DIABETE4,29,29,,,,,,
3538394,2019,MT,Montana,Chronic Health Indicators,Diabetes,Have you ever been told by a doctor that you have diabetes?,No,BRFSS,%,Crude Prevalence,89.8,,,89,90.6,5627,Overall,Overall,DIABETE4,29,29,,,,,,
3542599,2019,NE,Nebraska,Chronic Health Indicators,Diabetes,Have you ever been told by a doctor that you have diabetes?,Yes,BRFSS,%,Crude Prevalence,10.2,,,9.6,10.8,2090,Overall,Overall,DIABETE4,30,30,,,,,,
3542625,2019,NE,Nebraska,Chronic Health Indicators,Diabetes,Have you ever been told by a doctor that you have diabetes?,"Yes, pregnancy-related",BRFSS,%,Crude Prevalence,0.9,,,0.7,1.1,123,Overall,Overall,DIABETE4,30,30,,,,,,
3542651,2019,NE,Nebraska,Chronic Health Indicators,Diabetes,Have you ever been told by a doctor that you have diabetes?,"No, pre-diabetes or borderline diabetes",BRFSS,%,Crude Prevalence,1.5,,,1.2,1.7,287,Overall,Overall,DIABETE4,30,30,,,,,,
3542677,2019,NE,Nebraska,Chronic Health Indicators,Diabetes,Have you ever been told by a doctor that you have diabetes?,No,BRFSS,%,Crude Prevalence,87.5,,,86.8,88.2,13349,Overall,Overall,DIABETE4,30,30,,,,,,
3546882,2019,NV,Nevada,Chronic Health Indicators,Diabetes,Have you ever been told by a doctor that you have diabetes?,Yes,BRFSS,%,Crude Prevalence,10.9,,,9.3,12.6,295,Overall,Overall,DIABETE4,31,31,,,,,,
3546908,2019,NV,Nevada,Chronic Health Indicators,Diabetes,Have you ever been told by a doctor that you have diabetes?,"Yes, pregnancy-related",BRFSS,%,Crude Prevalence,0.7,,,0.4,1.1,28,Overall,Overall,DIABETE4,31,31,,,,,,
3546934,2019,NV,Nevada,Chronic Health Indicators,Diabetes,Have you ever been told by a doctor that you have diabetes?,"No, pre-diabetes or borderline diabetes",BRFSS,%,Crude Prevalence,3.4,,,2.4,4.4,83,Overall,Overall,DIABETE4,31,31,,,,,,
3546960,2019,NV,Nevada,Chronic Health Indicators,Diabetes,Have you ever been told by a doctor that you have diabetes?,No,BRFSS,%,Crude Prevalence,84.9,,,83,86.8,2369,Overall,Overall,DIABETE4,31,31,,,,,,
3551165,2019,NH,New Hampshire,Chronic Health Indicators,Diabetes,Have you ever been told by a doctor that you have diabetes?,Yes,BRFSS,%,Crude Prevalence,9.2,,,8.3,10.1,696,Overall,Overall,DIABETE4,32,32,,,,,,
3551191,2019,NH,New Hampshire,Chronic Health Indicators,Diabetes,Have you ever been told by a doctor that you have diabetes?,"Yes, pregnancy-related",BRFSS,%,Crude Prevalence,0.8,,,0.5,1.1,44,Overall,Overall,DIABETE4,32,32,,,,,,
3551217,2019,NH,New Hampshire,Chronic Health Indicators,Diabetes,Have you ever been told by a doctor that you have diabetes?,"No, pre-diabetes or borderline diabetes",BRFSS,%,Crude Prevalence,1.3,,,1,1.6,110,Overall,Overall,DIABETE4,32,32,,,,,,
3551243,2019,NH,New Hampshire,Chronic Health Indicators,Diabetes,Have you ever been told by a doctor that you have diabetes?,No,BRFSS,%,Crude Prevalence,88.7,,,87.7,89.7,5000,Overall,Overall,DIABETE4,32,32,,,,,,
3555448,2019,NM,New Mexico,Chronic Health Indicators,Diabetes,Have you ever been told by a doctor that you have diabetes?,Yes,BRFSS,%,Crude Prevalence,12.3,,,11.2,13.3,850,Overall,Overall,DIABETE4,34,34,,,,,,
3555474,2019,NM,New Mexico,Chronic Health Indicators,Diabetes,Have you ever been told by a doctor that you have diabetes?,"Yes, pregnancy-related",BRFSS,%,Crude Prevalence,0.6,,,0.4,0.9,38,Overall,Overall,DIABETE4,34,34,,,,,,
3555500,2019,NM,New Mexico,Chronic Health Indicators,Diabetes,Have you ever been told by a doctor that you have diabetes?,"No, pre-diabetes or borderline diabetes",BRFSS,%,Crude Prevalence,2.5,,,2,3.1,160,Overall,Overall,DIABETE4,34,34,,,,,,
3555526,2019,NM,New Mexico,Chronic Health Indicators,Diabetes,Have you ever been told by a doctor that you have diabetes?,No,BRFSS,%,Crude Prevalence,84.6,,,83.4,85.8,4916,Overall,Overall,DIABETE4,34,34,,,,,,
3559731,2019,NY,New York,Chronic Health Indicators,Diabetes,Have you ever been told by a doctor that you have diabetes?,Yes,BRFSS,%,Crude Prevalence,10.5,,,9.8,11.3,1827,Overall,Overall,DIABETE4,35,35,,,,,,
3559757,2019,NY,New York,Chronic Health Indicators,Diabetes,Have you ever been told by a doctor that you have diabetes?,"Yes, pregnancy-related",BRFSS,%,Crude Prevalence,1.1,,,0.9,1.4,141,Overall,Overall,DIABETE4,35,35,,,,,,
3559783,2019,NY,New York,Chronic Health Indicators,Diabetes,Have you ever been told by a doctor that you have diabetes?,"No, pre-diabetes or borderline diabetes",BRFSS,%,Crude Prevalence,1.6,,,1.3,1.9,256,Overall,Overall,DIABETE4,35,35,,,,,,
3559809,2019,NY,New York,Chronic Health Indicators,Diabetes,Have you ever been told by a doctor that you have diabetes?,No,BRFSS,%,Crude Prevalence,86.8,,,86,87.6,11967,Overall,Overall,DIABETE4,35,35,,,,,,
3564014,2019,NC,North Carolina,Chronic Health Indicators,Diabetes,Have you ever been told by a doctor that you have diabetes?,Yes,BRFSS,%,Crude Prevalence,11.8,,,10.8,12.9,607,Overall,Overall,DIABETE4,36,36,,,,,,
3564040,2019,NC,North Carolina,Chronic Health Indicators,Diabetes,Have you ever been told by a doctor that you have diabetes?,"Yes, pregnancy-related",BRFSS,%,Crude Prevalence,0.9,,,0.6,1.2,34,Overall,Overall,DIABETE4,36,36,,,,,,
3564066,2019,NC,North Carolina,Chronic Health Indicators,Diabetes,Have you ever been told by a doctor that you have diabetes?,"No, pre-diabetes or borderline diabetes",BRFSS,%,Crude Prevalence,2.6,,,2,3.2,109,Overall,Overall,DIABETE4,36,36,,,,,,
3564092,2019,NC,North Carolina,Chronic Health Indicators,Diabetes,Have you ever been told by a doctor that you have diabetes?,No,BRFSS,%,Crude Prevalence,84.6,,,83.4,85.9,3527,Overall,Overall,DIABETE4,36,36,,,,,,
3568297,2019,ND,North Dakota,Chronic Health Indicators,Diabetes,Have you ever been told by a doctor that you have diabetes?,Yes,BRFSS,%,Crude Prevalence,8.9,,,8,9.8,714,Overall,Overall,DIABETE4,37,37,,,,,,
3568323,2019,ND,North Dakota,Chronic Health Indicators,Diabetes,Have you ever been told by a doctor that you have diabetes?,"Yes, pregnancy-related",BRFSS,%,Crude Prevalence,1.3,,,0.8,1.8,55,Overall,Overall,DIABETE4,37,37,,,,,,
3568349,2019,ND,North Dakota,Chronic Health Indicators,Diabetes,Have you ever been told by a doctor that you have diabetes?,"No, pre-diabetes or borderline diabetes",BRFSS,%,Crude Prevalence,1.6,,,1.2,2,121,Overall,Overall,DIABETE4,37,37,,,,,,
3568375,2019,ND,North Dakota,Chronic Health Indicators,Diabetes,Have you ever been told by a doctor that you have diabetes?,No,BRFSS,%,Crude Prevalence,88.2,,,87.2,89.3,4638,Overall,Overall,DIABETE4,37,37,,,,,,
3572580,2019,OH,Ohio,Chronic Health Indicators,Diabetes,Have you ever been told by a doctor that you have diabetes?,Yes,BRFSS,%,Crude Prevalence,12,,,11.2,12.7,2293,Overall,Overall,DIABETE4,38,38,,,,,,
3572606,2019,OH,Ohio,Chronic Health Indicators,Diabetes,Have you ever been told by a doctor that you have diabetes?,"Yes, pregnancy-related",BRFSS,%,Crude Prevalence,1.1,,,0.8,1.3,118,Overall,Overall,DIABETE4,38,38,,,,,,
3572632,2019,OH,Ohio,Chronic Health Indicators,Diabetes,Have you ever been told by a doctor that you have diabetes?,"No, pre-diabetes or borderline diabetes",BRFSS,%,Crude Prevalence,2.1,,,1.7,2.4,312,Overall,Overall,DIABETE4,38,38,,,,,,
3572658,2019,OH,Ohio,Chronic Health Indicators,Diabetes,Have you ever been told by a doctor that you have diabetes?,No,BRFSS,%,Crude Prevalence,84.9,,,84,85.8,10786,Overall,Overall,DIABETE4,38,38,,,,,,
3576863,2019,OK,Oklahoma,Chronic Health Indicators,Diabetes,Have you ever been told by a doctor that you have diabetes?,Yes,BRFSS,%,Crude Prevalence,12.2,,,11.3,13.1,971,Overall,Overall,DIABETE4,39,39,,,,,,
3576889,2019,OK,Oklahoma,Chronic Health Indicators,Diabetes,Have you ever been told by a doctor that you have diabetes?,"Yes, pregnancy-related",BRFSS,%,Crude Prevalence,1,,,0.7,1.3,63,Overall,Overall,DIABETE4,39,39,,,,,,
3576915,2019,OK,Oklahoma,Chronic Health Indicators,Diabetes,Have you ever been told by a doctor that you have diabetes?,"No, pre-diabetes or borderline diabetes",BRFSS,%,Crude Prevalence,2.1,,,1.7,2.5,155,Overall,Overall,DIABETE4,39,39,,,,,,
3576941,2019,OK,Oklahoma,Chronic Health Indicators,Diabetes,Have you ever been told by a doctor that you have diabetes?,No,BRFSS,%,Crude Prevalence,84.7,,,83.7,85.7,5125,Overall,Overall,DIABETE4,39,39,,,,,,
3581146,2019,OR,Oregon,Chronic Health Indicators,Diabetes,Have you ever been told by a doctor that you have diabetes?,Yes,BRFSS,%,Crude Prevalence,8.6,,,7.8,9.4,617,Overall,Overall,DIABETE4,40,40,,,,,,
3581172,2019,OR,Oregon,Chronic Health Indicators,Diabetes,Have you ever been told by a doctor that you have diabetes?,"Yes, pregnancy-related",BRFSS,%,Crude Prevalence,1.3,,,1,1.6,86,Overall,Overall,DIABETE4,40,40,,,,,,
3581198,2019,OR,Oregon,Chronic Health Indicators,Diabetes,Have you ever been told by a doctor that you have diabetes?,"No, pre-diabetes or borderline diabetes",BRFSS,%,Crude Prevalence,2.8,,,2.2,3.3,165,Overall,Overall,DIABETE4,40,40,,,,,,
3581224,2019,OR,Oregon,Chronic Health Indicators,Diabetes,Have you ever been told by a doctor that you have diabetes?,No,BRFSS,%,Crude Prevalence,87.3,,,86.4,88.3,5233,Overall,Overall,DIABETE4,40,40,,,,,,
3585429,2019,PA,Pennsylvania,Chronic Health Indicators,Diabetes,Have you ever been told by a doctor that you have diabetes?,Yes,BRFSS,%,Crude Prevalence,10.8,,,9.9,11.7,782,Overall,Overall,DIABETE4,41,41,,,,,,
3585455,2019,PA,Pennsylvania,Chronic Health Indicators,Diabetes,Have you ever been told by a doctor that you have diabetes?,"Yes, pregnancy-related",BRFSS,%,Crude Prevalence,0.9,,,0.6,1.2,54,Overall,Overall,DIABETE4,41,41,,,,,,
3585481,2019,PA,Pennsylvania,Chronic Health Indicators,Diabetes,Have you ever been told by a doctor that you have diabetes?,"No, pre-diabetes or borderline diabetes",BRFSS,%,Crude Prevalence,2.2,,,1.8,2.6,153,Overall,Overall,DIABETE4,41,41,,,,,,
3585507,2019,PA,Pennsylvania,Chronic Health Indicators,Diabetes,Have you ever been told by a doctor that you have diabetes?,No,BRFSS,%,Crude Prevalence,86.1,,,85,87.1,5610,Overall,Overall,DIABETE4,41,41,,,,,,
3589712,2019,RI,Rhode Island,Chronic Health Indicators,Diabetes,Have you ever been told by a doctor that you have diabetes?,Yes,BRFSS,%,Crude Prevalence,10.4,,,9.4,11.4,816,Overall,Overall,DIABETE4,42,42,,,,,,
3589738,2019,RI,Rhode Island,Chronic Health Indicators,Diabetes,Have you ever been told by a doctor that you have diabetes?,"Yes, pregnancy-related",BRFSS,%,Crude Prevalence,1.2,,,0.8,1.6,71,Overall,Overall,DIABETE4,42,42,,,,,,
3589764,2019,RI,Rhode Island,Chronic Health Indicators,Diabetes,Have you ever been told by a doctor that you have diabetes?,"No, pre-diabetes or borderline diabetes",BRFSS,%,Crude Prevalence,1.5,,,1.1,1.9,118,Overall,Overall,DIABETE4,42,42,,,,,,
3589790,2019,RI,Rhode Island,Chronic Health Indicators,Diabetes,Have you ever been told by a doctor that you have diabetes?,No,BRFSS,%,Crude Prevalence,86.9,,,85.7,88,5093,Overall,Overall,DIABETE4,42,42,,,,,,
3593995,2019,SC,South Carolina,Chronic Health Indicators,Diabetes,Have you ever been told by a doctor that you have diabetes?,Yes,BRFSS,%,Crude Prevalence,13.4,,,12.4,14.4,1224,Overall,Overall,DIABETE4,43,43,,,,,,
3594021,2019,SC,South Carolina,Chronic Health Indicators,Diabetes,Have you ever been told by a doctor that you have diabetes?,"Yes, pregnancy-related",BRFSS,%,Crude Prevalence,1.6,,,1.2,2.1,85,Overall,Overall,DIABETE4,43,43,,,,,,
3594047,2019,SC,South Carolina,Chronic Health Indicators,Diabetes,Have you ever been told by a doctor that you have diabetes?,"No, pre-diabetes or borderline diabetes",BRFSS,%,Crude Prevalence,1.8,,,1.5,2.2,151,Overall,Overall,DIABETE4,43,43,,,,,,
3594073,2019,SC,South Carolina,Chronic Health Indicators,Diabetes,Have you ever been told by a doctor that you have diabetes?,No,BRFSS,%,Crude Prevalence,83.2,,,82.1,84.3,5669,Overall,Overall,DIABETE4,43,43,,,,,,
3598278,2019,SD,South Dakota,Chronic Health Indicators,Diabetes,Have you ever been told by a doctor that you have diabetes?,Yes,BRFSS,%,Crude Prevalence,10.6,,,9.1,12.1,874,Overall,Overall,DIABETE4,44,44,,,,,,
3598304,2019,SD,South Dakota,Chronic Health Indicators,Diabetes,Have you ever been told by a doctor that you have diabetes?,"Yes, pregnancy-related",BRFSS,%,Crude Prevalence,1.7,,,0.8,2.5,80,Overall,Overall,DIABETE4,44,44,,,,,,
3598330,2019,SD,South Dakota,Chronic Health Indicators,Diabetes,Have you ever been told by a doctor that you have diabetes?,"No, pre-diabetes or borderline diabetes",BRFSS,%,Crude Prevalence,1,,,0.6,1.4,111,Overall,Overall,DIABETE4,44,44,,,,,,
3598356,2019,SD,South Dakota,Chronic Health Indicators,Diabetes,Have you ever been told by a doctor that you have diabetes?,No,BRFSS,%,Crude Prevalence,86.7,,,85,88.5,5549,Overall,Overall,DIABETE4,44,44,,,,,,
3602561,2019,TN,Tennessee,Chronic Health Indicators,Diabetes,Have you ever been told by a doctor that you have diabetes?,Yes,BRFSS,%,Crude Prevalence,13.8,,,12.7,14.8,1085,Overall,Overall,DIABETE4,45,45,,,,,,
3602587,2019,TN,Tennessee,Chronic Health Indicators,Diabetes,Have you ever been told by a doctor that you have diabetes?,"Yes, pregnancy-related",BRFSS,%,Crude Prevalence,1,,,0.6,1.4,57,Overall,Overall,DIABETE4,45,45,,,,,,
3602613,2019,TN,Tennessee,Chronic Health Indicators,Diabetes,Have you ever been told by a doctor that you have diabetes?,"No, pre-diabetes or borderline diabetes",BRFSS,%,Crude Prevalence,1.5,,,1.1,1.9,113,Overall,Overall,DIABETE4,45,45,,,,,,
3602639,2019,TN,Tennessee,Chronic Health Indicators,Diabetes,Have you ever been told by a doctor that you have diabetes?,No,BRFSS,%,Crude Prevalence,83.7,,,82.6,84.9,4970,Overall,Overall,DIABETE4,45,45,,,,,,
3606844,2019,TX,Texas,Chronic Health Indicators,Diabetes,Have you ever been told by a doctor that you have diabetes?,Yes,BRFSS,%,Crude Prevalence,12.2,,,11.1,13.3,1999,Overall,Overall,DIABETE4,46,46,,,,,,
3606870,2019,TX,Texas,Chronic Health Indicators,Diabetes,Have you ever been told by a doctor that you have diabetes?,"Yes, pregnancy-related",BRFSS,%,Crude Prevalence,0.9,,,0.6,1.2,118,Overall,Overall,DIABETE4,46,46,,,,,,
3606896,2019,TX,Texas,Chronic Health Indicators,Diabetes,Have you ever been told by a doctor that you have diabetes?,"No, pre-diabetes or borderline diabetes",BRFSS,%,Crude Prevalence,1.5,,,1.1,1.9,231,Overall,Overall,DIABETE4,46,46,,,,,,
3606922,2019,TX,Texas,Chronic Health Indicators,Diabetes,Have you ever been told by a doctor that you have diabetes?,No,BRFSS,%,Crude Prevalence,85.3,,,84.1,86.5,9919,Overall,Overall,DIABETE4,46,46,,,,,,
3611127,2019,UT,Utah,Chronic Health Indicators,Diabetes,Have you ever been told by a doctor that you have diabetes?,Yes,BRFSS,%,Crude Prevalence,8,,,7.5,8.6,1203,Overall,Overall,DIABETE4,47,47,,,,,,
3611153,2019,UT,Utah,Chronic Health Indicators,Diabetes,Have you ever been told by a doctor that you have diabetes?,"Yes, pregnancy-related",BRFSS,%,Crude Prevalence,1.4,,,1.1,1.7,145,Overall,Overall,DIABETE4,47,47,,,,,,
3611179,2019,UT,Utah,Chronic Health Indicators,Diabetes,Have you ever been told by a doctor that you have diabetes?,"No, pre-diabetes or borderline diabetes",BRFSS,%,Crude Prevalence,2.7,,,2.3,3.1,322,Overall,Overall,DIABETE4,47,47,,,,,,
3611205,2019,UT,Utah,Chronic Health Indicators,Diabetes,Have you ever been told by a doctor that you have diabetes?,No,BRFSS,%,Crude Prevalence,88,,,87.2,88.7,10103,Overall,Overall,DIABETE4,47,47,,,,,,
3615410,2019,VT,Vermont,Chronic Health Indicators,Diabetes,Have you ever been told by a doctor that you have diabetes?,Yes,BRFSS,%,Crude Prevalence,8.7,,,7.7,9.6,686,Overall,Overall,DIABETE4,48,48,,,,,,
3615436,2019,VT,Vermont,Chronic Health Indicators,Diabetes,Have you ever been told by a doctor that you have diabetes?,"Yes, pregnancy-related",BRFSS,%,Crude Prevalence,1.1,,,0.7,1.4,68,Overall,Overall,DIABETE4,48,48,,,,,,
3615462,2019,VT,Vermont,Chronic Health Indicators,Diabetes,Have you ever been told by a doctor that you have diabetes?,"No, pre-diabetes or borderline diabetes",BRFSS,%,Crude Prevalence,1.2,,,0.9,1.6,92,Overall,Overall,DIABETE4,48,48,,,,,,
3615488,2019,VT,Vermont,Chronic Health Indicators,Diabetes,Have you ever been told by a doctor that you have diabetes?,No,BRFSS,%,Crude Prevalence,89.1,,,88,90.1,5603,Overall,Overall,DIABETE4,48,48,,,,,,
3619693,2019,VA,Virginia,Chronic Health Indicators,Diabetes,Have you ever been told by a doctor that you have diabetes?,Yes,BRFSS,%,Crude Prevalence,10.9,,,10.2,11.7,1403,Overall,Overall,DIABETE4,49,49,,,,,,
3619719,2019,VA,Virginia,Chronic Health Indicators,Diabetes,Have you ever been told by a doctor that you have diabetes?,"Yes, pregnancy-related",BRFSS,%,Crude Prevalence,1,,,0.7,1.4,83,Overall,Overall,DIABETE4,49,49,,,,,,
3619745,2019,VA,Virginia,Chronic Health Indicators,Diabetes,Have you ever been told by a doctor that you have diabetes?,"No, pre-diabetes or borderline diabetes",BRFSS,%,Crude Prevalence,2.2,,,1.8,2.6,257,Overall,Overall,DIABETE4,49,49,,,,,,
3619771,2019,VA,Virginia,Chronic Health Indicators,Diabetes,Have you ever been told by a doctor that you have diabetes?,No,BRFSS,%,Crude Prevalence,85.8,,,84.9,86.7,8192,Overall,Overall,DIABETE4,49,49,,,,,,
3623976,2019,WA,Washington,Chronic Health Indicators,Diabetes,Have you ever been told by a doctor that you have diabetes?,Yes,BRFSS,%,Crude Prevalence,9.4,,,8.8,10,1544,Overall,Overall,DIABETE4,50,50,,,,,,
3624002,2019,WA,Washington,Chronic Health Indicators,Diabetes,Have you ever been told by a doctor that you have diabetes?,"Yes, pregnancy-related",BRFSS,%,Crude Prevalence,1.2,,,0.9,1.4,114,Overall,Overall,DIABETE4,50,50,,,,,,
3624028,2019,WA,Washington,Chronic Health Indicators,Diabetes,Have you ever been told by a doctor that you have diabetes?,"No, pre-diabetes or borderline diabetes",BRFSS,%,Crude Prevalence,1.7,,,1.4,2,230,Overall,Overall,DIABETE4,50,50,,,,,,
3624054,2019,WA,Washington,Chronic Health Indicators,Diabetes,Have you ever been told by a doctor that you have diabetes?,No,BRFSS,%,Crude Prevalence,87.8,,,87.1,88.5,11086,Overall,Overall,DIABETE4,50,50,,,,,,
3628259,2019,WV,West Virginia,Chronic Health Indicators,Diabetes,Have you ever been told by a doctor that you have diabetes?,Yes,BRFSS,%,Crude Prevalence,15.7,,,14.5,16.8,1039,Overall,Overall,DIABETE4,51,51,,,,,,
3628285,2019,WV,West Virginia,Chronic Health Indicators,Diabetes,Have you ever been told by a doctor that you have diabetes?,"Yes, pregnancy-related",BRFSS,%,Crude Prevalence,0.7,,,0.4,1,31,Overall,Overall,DIABETE4,51,51,,,,,,
3628311,2019,WV,West Virginia,Chronic Health Indicators,Diabetes,Have you ever been told by a doctor that you have diabetes?,"No, pre-diabetes or borderline diabetes",BRFSS,%,Crude Prevalence,2.3,,,1.8,2.7,138,Overall,Overall,DIABETE4,51,51,,,,,,
3628337,2019,WV,West Virginia,Chronic Health Indicators,Diabetes,Have you ever been told by a doctor that you have diabetes?,No,BRFSS,%,Crude Prevalence,81.4,,,80.2,82.6,4082,Overall,Overall,DIABETE4,51,51,,,,,,
3632542,2019,WI,Wisconsin,Chronic Health Indicators,Diabetes,Have you ever been told by a doctor that you have diabetes?,Yes,BRFSS,%,Crude Prevalence,8.7,,,7.8,9.6,577,Overall,Overall,DIABETE4,52,52,,,,,,
3632568,2019,WI,Wisconsin,Chronic Health Indicators,Diabetes,Have you ever been told by a doctor that you have diabetes?,"Yes, pregnancy-related",BRFSS,%,Crude Prevalence,*,*,Prevalence estimate not available if the unweighted sample size for the denominator was < 50 or the Relative Standard Error (RSE) is > 0.3 or if the state did not collect data for that calendar year.,,,17,Overall,Overall,DIABETE4,52,52,,,,,,
3632594,2019,WI,Wisconsin,Chronic Health Indicators,Diabetes,Have you ever been told by a doctor that you have diabetes?,"No, pre-diabetes or borderline diabetes",BRFSS,%,Crude Prevalence,0.9,,,0.5,1.2,59,Overall,Overall,DIABETE4,52,52,,,,,,
3632620,2019,WI,Wisconsin,Chronic Health Indicators,Diabetes,Have you ever been told by a doctor that you have diabetes?,No,BRFSS,%,Crude Prevalence,90,,,88.9,91,4291,Overall,Overall,DIABETE4,52,52,,,,,,
3636825,2019,WY,Wyoming,Chronic Health Indicators,Diabetes,Have you ever been told by a doctor that you have diabetes?,Yes,BRFSS,%,Crude Prevalence,7.8,,,6.9,8.8,545,Overall,Overall,DIABETE4,53,53,,,,,,
3636851,2019,WY,Wyoming,Chronic Health Indicators,Diabetes,Have you ever been told by a doctor that you have diabetes?,"Yes, pregnancy-related",BRFSS,%,Crude Prevalence,0.6,,,0.3,0.9,26,Overall,Overall,DIABETE4,53,53,,,,,,
3636877,2019,WY,Wyoming,Chronic Health Indicators,Diabetes,Have you ever been told by a doctor that you have diabetes?,"No, pre-diabetes or borderline diabetes",BRFSS,%,Crude Prevalence,1.3,,,0.9,1.7,89,Overall,Overall,DIABETE4,53,53,,,,,,
3636903,2019,WY,Wyoming,Chronic Health Indicators,Diabetes,Have you ever been told by a doctor that you have diabetes?,No,BRFSS,%,Crude Prevalence,90.3,,,89.2,91.3,3967,Overall,Overall,DIABETE4,53,53,,,,,,
3641108,2019,GU,Guam,Chronic Health Indicators,Diabetes,Have you ever been told by a doctor that you have diabetes?,Yes,BRFSS,%,Crude Prevalence,11.7,,,10,13.5,381,Overall,Overall,DIABETE4,56,56,,,,,,
3641134,2019,GU,Guam,Chronic Health Indicators,Diabetes,Have you ever been told by a doctor that you have diabetes?,"Yes, pregnancy-related",BRFSS,%,Crude Prevalence,1.1,,,0.6,1.6,31,Overall,Overall,DIABETE4,56,56,,,,,,
3641160,2019,GU,Guam,Chronic Health Indicators,Diabetes,Have you ever been told by a doctor that you have diabetes?,"No, pre-diabetes or borderline diabetes",BRFSS,%,Crude Prevalence,3,,,2,4,69,Overall,Overall,DIABETE4,56,56,,,,,,
3641186,2019,GU,Guam,Chronic Health Indicators,Diabetes,Have you ever been told by a doctor that you have diabetes?,No,BRFSS,%,Crude Prevalence,84.2,,,82.2,86.2,1935,Overall,Overall,DIABETE4,56,56,,,,,,
3645391,2019,PR,Puerto Rico,Chronic Health Indicators,Diabetes,Have you ever been told by a doctor that you have diabetes?,Yes,BRFSS,%,Crude Prevalence,16.7,,,15.6,17.8,1139,Overall,Overall,DIABETE4,60,60,,,,,,
3645417,2019,PR,Puerto Rico,Chronic Health Indicators,Diabetes,Have you ever been told by a doctor that you have diabetes?,"Yes, pregnancy-related",BRFSS,%,Crude Prevalence,0.6,,,0.4,0.8,35,Overall,Overall,DIABETE4,60,60,,,,,,
3645443,2019,PR,Puerto Rico,Chronic Health Indicators,Diabetes,Have you ever been told by a doctor that you have diabetes?,"No, pre-diabetes or borderline diabetes",BRFSS,%,Crude Prevalence,4.2,,,3.5,4.8,278,Overall,Overall,DIABETE4,60,60,,,,,,
3645469,2019,PR,Puerto Rico,Chronic Health Indicators,Diabetes,Have you ever been told by a doctor that you have diabetes?,No,BRFSS,%,Crude Prevalence,78.6,,,77.4,79.8,4570,Overall,Overall,DIABETE4,60,60,,,,,,
,,,,,,,,,,,,,,,,,,,,,,Datasource,,Behavioral Risk Factor Surveillance System,http://www.cdc.gov/brfss,BRFSS,CDC
,,,,,,,,,,,,,,,,,,,,,,MeasureDefinitions,%,Percent,,,
,,,,,,,,,,,,,,,,,,,,,,MeasureDefinitions,CI,95% Confidence Interval,,,
,,,,,,,,,,,,,,,,,,,,,,MeasureDefinitions,n,"“Sample Size”. Translates to the number of adult respondents who answered this question, or were assigned to this category based on question responses for a calculated variable, or the number of states included for a median.",,,
,,,,,,,,,,,,,,,,,,,,,,MeasureDefinitions,N/A,Translates to no data available for a record.,,,
,,,,,,,,,,,,,,,,,,,,,,MeasureDefinitions,No Data,Translates to no data available for record.,,,
,,,,,,,,,,,,,,,,,,,,,,SuggestedCitation,,"Centers for Disease Control and Prevention, National Center for Chronic Disease Prevention and Health Promotion, Division of Population Health. BRFSS Prevalence & Trends Data [online]. 2015.",https://www.cdc.gov/brfss/brfssprevalence/,,
,,,,,,,,,,,,,,,,,,,,,,RelatedLinks,,Prevalence Data and Data Analysis Tools,/brfss/data_tools.htm,,
,,,,,,,,,,,,,,,,,,,,,,RelatedLinks,,Behavioral Risk Factor Surveillance System (BRFSS),/brfss/index.html,,
,,,,,,,,,,,,,,,,,,,,,,RelatedLinks,,Division of Population Health,/nccdphp/dph/index.html,,
,,,,,,,,,,,,,,,,,,,,,,RelatedLinks,,Survey Data & Documentation,/brfss/data_documentation/index.htm,,
